transactionId,userId,amount,currency,status,paymentMethod,createdAt,updatedAt,referenceId,metadata_orderId,metadata_description
592dbb3c-5a8f-49b5-a210-7e79e1417a85,67d2c2ff1ecc1eff010e0676,678.34,USD,completed,credit_card,2024-04-07T03:54:32.426Z,2024-04-11T03:54:32.426Z,2c678c52-9f2d-45be-88bb-419ed2b661c7,07e4333b-d915-4c86-9269-281bc4b7de02,nulla quis id eu mollit mollit ipsum velit
35839b0b-f5f1-4d89-b97c-d70bd4db0dc7,67d2c2ffcb361a6e7f4a8ba2,184.62,USD,failed,credit_card,2024-08-13T18:23:27.388Z,2024-08-18T18:23:27.388Z,09ec436c-47b1-40b9-85d3-ebd941b4b555,8571ff88-570d-4719-beee-658a634bfef9,fugiat ad eu et cupidatat magna labore consequat
f741569f-2fad-40ea-ab36-ed9618a0603c,67d2c2ff6c501974bbb45f5d,123.17,USD,failed,credit_card,2024-06-26T02:12:56.495Z,2024-06-30T02:12:56.495Z,236df9b5-3152-4734-afae-39e325342328,5b2e0fac-f4fd-47be-981b-9a52c4fb2b39,esse officia proident ut esse officia eiusmod culpa
0f079583-4a68-4666-966c-a796959c010b,67d2c2ff9053c9aff66db9eb,380.01,USD,failed,credit_card,2024-08-06T15:36:52.387Z,2024-08-10T15:36:52.387Z,440db4a3-b9aa-43be-8c17-7e07490a3e41,f35d5c6c-2689-4ae6-8386-0b6bb3274bb6,dolore consectetur incididunt tempor irure est nisi officia
c7eccd8d-06e6-43c7-9f16-96447fff4286,67d2c2ffac28a4cc455540db,1193.1,USD,completed,credit_card,2024-05-30T10:25:19.850Z,2024-06-02T10:25:19.850Z,d7fc3230-55ef-4784-8c70-4fc42d248fce,48168532-2dff-436d-bbe8-a33d2d021fea,qui tempor consectetur aliqua ut cupidatat dolore deserunt
32a2fc87-a726-4f9e-90bb-7fd3ee1eb5db,67d2c2ff332f525754d5cbc3,177.7,USD,pending,bank_transfer,2024-05-10T06:07:00.224Z,2024-05-18T06:07:00.224Z,6261a7ec-1b1c-486f-8111-16a1ada330de,e50953e9-9bdd-475d-990c-b41747420b67,voluptate adipisicing fugiat pariatur qui ea duis do
07e9d771-b60a-45c8-b514-14458b2bcf0a,67d2c2ff0c00f45ded28564f,537.13,USD,pending,credit_card,2024-10-02T08:58:28.446Z,2024-10-10T08:58:28.446Z,96b576cf-a7a9-4ed3-9f9a-99f2ca38cfff,7378ab72-e7bb-4dde-8398-6a51cfff6c2b,magna elit cupidatat quis labore consequat elit fugiat
55a9a27f-1f1b-4fed-a171-6748213320dc,67d2c2ffcb4ed3792079c989,1017.66,USD,pending,credit_card,2024-10-16T09:50:13.548Z,2024-10-21T09:50:13.548Z,82fb8717-1654-4bb8-9025-3ecc0419848e,6b620e57-7024-44d9-bdb4-f33e96bed7e4,do irure sit magna non adipisicing officia quis
a9180e79-c758-4769-aabf-b28af6f5b8d9,67d2c2ffd1fccb588bbdc7ec,377.7,USD,pending,bank_transfer,2024-09-25T06:50:08.006Z,2024-10-02T06:50:08.006Z,e7fe11db-4f1a-4601-9f58-4a3467796e44,24eba81b-5dbd-4ed6-9417-1a22bd35487a,ipsum occaecat eiusmod nulla magna adipisicing eiusmod incididunt
93d8a1dc-1097-4dd8-9cf9-f6ebb02c27c8,67d2c2fff3fa9ff4324cda0b,216.21,USD,pending,bank_transfer,2024-09-04T07:47:04.118Z,2024-09-07T07:47:04.118Z,1bdd865d-5daa-4faa-81ed-f0ed21c82698,27a94ecb-c064-42bd-b104-3ac2ad85dd0b,voluptate exercitation do non commodo nulla irure labore
62ba9f8c-77ed-47f0-a9a1-c06576b19687,67d2c2ff9b3b91c89ec96254,32.03,USD,refunded,credit_card,2024-10-17T15:37:33.134Z,2024-10-26T15:37:33.134Z,0af9d0f9-aee9-43d2-a85c-1c3a75204ad6,4491e295-4367-4e5b-96aa-b504769c988a,occaecat reprehenderit aliqua nisi eiusmod dolor deserunt est
cf35cc36-b0d0-4336-9db2-c4b2df0b8cd6,67d2c2ff21d961b00de6a6d5,26.9,USD,failed,paypal,2024-06-19T14:09:57.213Z,2024-06-23T14:09:57.213Z,c99a2c01-5d0c-4796-bc34-f728994fa8d2,8fc5e7fd-b374-4616-a506-8da94fa8c5c2,sint ea ut nostrud culpa elit magna excepteur
891e8cf7-7603-4287-ba3a-7c05ca2f2826,67d2c2ff40f7f9a941ab4e73,656.95,USD,refunded,credit_card,2024-02-04T21:47:54.497Z,2024-02-13T21:47:54.497Z,f2d1e0b8-e2a3-46f0-82df-fb344d533326,28d0a4e0-5479-4453-bbda-a37bb7526a5d,dolor nulla aute officia aute ad anim sint
8375e0dc-371a-458f-b051-9cb54f3ef890,67d2c2ffc2fcd201199c85cf,398.68,USD,completed,paypal,2024-02-18T23:09:08.088Z,2024-02-23T23:09:08.088Z,279018ef-6920-4863-bf60-918fdb9c3314,fa6ad370-017b-4483-8296-56d366f5dd8a,qui dolore velit Lorem ad et commodo quis
69393059-742d-42d0-bfa5-ebd72e0e28e2,67d2c2ff4660aa055fb7917f,104.83,USD,failed,credit_card,2024-06-05T07:25:05.673Z,2024-06-13T07:25:05.673Z,6211d69f-a264-4bd9-8706-f00e3909220f,b0a25749-d48f-4f66-8e59-bd81ab1321ac,non est occaecat sint enim quis anim in
c5751229-e581-4671-a2c3-12d28b335186,67d2c2ffa67ea6123ad14681,117.16,USD,refunded,paypal,2024-03-21T20:48:07.431Z,2024-03-26T20:48:07.431Z,053543bc-9317-488c-9ec1-6ef53971600c,328dc221-8ebf-4158-bb45-e5b201cb23dd,eu fugiat exercitation officia culpa reprehenderit esse reprehenderit
0dd7e61d-7fb2-4b3d-90dc-7dd8a9cc54be,67d2c2ff3c66226a2420101c,1103.59,USD,completed,credit_card,2024-06-20T19:26:45.654Z,2024-06-24T19:26:45.654Z,20857182-408d-48dd-b267-ef88c1539999,9eaa2015-9222-4a0a-ad74-af6265c026a2,proident consectetur exercitation nisi magna reprehenderit qui ipsum
ef6cd49e-c1cc-4d02-a2aa-d4d1e01f9712,67d2c2ffe57f539f7c922afc,799.17,USD,refunded,paypal,2024-02-03T02:26:30.817Z,2024-02-09T02:26:30.817Z,9d3c9036-c61b-4082-b2cc-5eb8dafed6c7,95118eba-708d-4e05-8936-30ea1124ddad,laborum nostrud aliquip non consequat deserunt irure nisi
7f9e2c5c-9475-43bd-8c8a-e3cfd0972577,67d2c2ffe1651d9ce9ece9c1,1164.09,USD,refunded,bank_transfer,2024-07-05T13:06:34.271Z,2024-07-09T13:06:34.271Z,2531c78b-8316-4107-9973-5032ddf6c4b6,4d70ba70-fd8f-4235-94de-4d9f197be418,anim dolore veniam velit aute deserunt in dolore
c482079d-3e44-496a-923b-d9c3fb8e33c5,67d2c2fffef66883303675a2,208.2,USD,refunded,bank_transfer,2024-03-26T17:44:01.002Z,2024-04-05T17:44:01.002Z,b6c02b4a-ed8d-432b-9bcf-e1c37d3e3b9c,cf8cf65a-a038-4ad9-a1b3-19b2d117c386,minim et fugiat nulla nisi culpa tempor voluptate
a94a0424-7232-4e34-9844-045d13a9e9f7,67d2c2ff738b6e0405e7d0e8,26.27,USD,completed,credit_card,2024-08-24T01:56:07.201Z,2024-08-25T01:56:07.201Z,9564dd7d-59fe-42ee-93ab-74b2eb1cc56c,540eba3d-520d-4709-b1d2-d9c88e3b6df6,fugiat irure occaecat aute cupidatat laborum eu ullamco
4b29b889-19dc-49fd-8a8b-71ac27807506,67d2c2ff320a3b330f24f247,420.84,USD,completed,bank_transfer,2024-06-12T11:57:12.336Z,2024-06-14T11:57:12.336Z,7e05e8dd-a7c8-486c-85d8-5ae17581e815,e0bbc70a-b429-4cc8-8d96-32045a698f3a,ullamco nisi cillum voluptate magna enim deserunt magna
85593bcb-0fe7-4a6a-839a-e7045ca05ed7,67d2c2ffca8eefed2ac590db,659.47,USD,failed,credit_card,2024-01-03T09:57:19.902Z,2024-01-08T09:57:19.902Z,3ed09f3f-74c4-4db2-add1-9462b99ef174,e0bbb6e9-56df-484a-bd1b-cdc201d5387e,consectetur labore exercitation ut sunt ad proident quis
bc09fcdb-5946-427e-933e-924fbd145cc0,67d2c2ff7ee2346467490180,66.9,USD,refunded,credit_card,2024-04-17T18:27:28.522Z,2024-04-26T18:27:28.522Z,6e3126e6-6c27-4ccb-97a2-824177d3f45b,c9d13693-f3f7-4823-af67-905784e5f736,ipsum fugiat dolor qui dolor Lorem incididunt tempor
1551ec00-f65a-4dbc-bbb6-8666a6d22ced,67d2c2ff61fa6b7a1e0747f3,586.1,USD,failed,credit_card,2024-08-16T06:50:10.847Z,2024-08-22T06:50:10.847Z,2301ed15-0a69-4a55-8665-7f8337004b73,7ce4b6e6-775a-4f62-b8cd-4a3d778ca7e2,nisi nulla mollit incididunt esse tempor aute incididunt
b2950c0b-2997-4f9d-b8d4-c881f713f8d6,67d2c2ffc8321aea68615a24,291.91,USD,completed,paypal,2024-08-05T10:05:44.899Z,2024-08-15T10:05:44.899Z,e99c0bfe-ccf0-495f-b850-369375777884,42948eb0-e6e9-4aa8-bb89-272b6631a17c,fugiat sunt eiusmod aliqua exercitation deserunt excepteur pariatur
53da0f0b-8b4d-43ad-a3a4-e5ae57d6a8e1,67d2c2fffaab593bc7ebed2a,545.01,USD,refunded,credit_card,2024-12-21T00:30:40.142Z,2024-12-22T00:30:40.142Z,134e40e0-0732-4bbe-b592-92f9386febe2,4febeecd-5264-45c4-8b02-0c87b2a62a4a,amet consectetur laborum duis ea est reprehenderit proident
89816bb1-45d8-4574-9a26-0aee353d41a3,67d2c2ff371a32cd32abb961,341.59,USD,refunded,credit_card,2024-04-29T01:32:44.626Z,2024-05-08T01:32:44.626Z,066aaf33-fc22-4506-82bc-e76856ae267c,eeccdeda-6aae-4669-8171-7f6867a887c4,aliquip fugiat culpa est occaecat aliqua sunt sunt
36664c02-1377-4923-82f7-541f276c93fc,67d2c2ff32a12b3f307b53e4,171.59,USD,failed,bank_transfer,2024-05-09T13:51:01.711Z,2024-05-16T13:51:01.711Z,64fa0581-bcfb-42cb-b67e-d003828e8c70,a5afdca2-7062-4c63-9617-7da97f120d0e,qui laborum commodo sint non proident proident cupidatat
39a7cab7-deab-40ef-b84f-af4385643dc9,67d2c2ffd42a133daf836908,812.31,USD,refunded,credit_card,2024-07-08T06:46:07.408Z,2024-07-12T06:46:07.408Z,8abdf7c6-3a51-4002-9f1a-8e185a9937ea,533733d1-36d7-46dd-b05a-a84ee265bc4c,est commodo non mollit excepteur elit anim ad
1e154805-8b12-4f9b-b8ab-a35ed643740c,67d2c2ff69fe006fa5c0414f,183.22,USD,refunded,credit_card,2024-12-22T14:02:06.853Z,2024-12-30T14:02:06.853Z,778a69f2-90ca-42f6-bb9b-b7b630ef91f5,84c0c81d-5452-4456-b6c6-17c35eb51ab0,laboris deserunt sunt eiusmod dolore est consequat tempor
b1805bd3-076f-4194-8209-65d24855bf2f,67d2c2ff4bca2167b6a633ac,639.93,USD,pending,credit_card,2024-07-02T18:24:42.309Z,2024-07-06T18:24:42.309Z,6ac60ae6-80e6-4c3d-9d68-0872c44dfb56,fdbd6a03-1a20-4d8d-aaf8-95d227da7364,nostrud aliqua ex cupidatat aliqua minim est ullamco
08b7dbac-c7a4-4890-ac4c-8672d9a08068,67d2c2ff384b7a099449b2a2,527.15,USD,failed,credit_card,2024-09-05T10:09:42.016Z,2024-09-10T10:09:42.016Z,ba308dfc-2df4-4e33-a79c-cc0c057408a5,eec991ae-fbc8-4ced-9e96-62050b5b4353,non proident in ea nisi cupidatat cupidatat nisi
f2ab084e-f7ee-4e06-a436-34d19f947edc,67d2c2ffe38e41ad08510623,331.55,USD,pending,bank_transfer,2024-10-03T23:36:50.161Z,2024-10-13T23:36:50.161Z,6e96c20d-a590-4adc-9960-7dc04d5f2183,7dd6bb31-bf5c-446d-93d7-c7d8fb2a364e,excepteur ea mollit ipsum dolore non eu do
95f31f09-48eb-4b06-a2b8-bae9af5c32da,67d2c2ffaec28481e380d40f,37.99,USD,pending,paypal,2024-12-11T02:36:43.347Z,2024-12-12T02:36:43.347Z,7ec91486-5ec9-4328-a397-083af82107bf,f71a6984-0144-4b56-b2fe-fb35189982e6,pariatur est esse Lorem commodo non enim aliquip
861b1cf8-7397-4320-a760-3da556606fc4,67d2c2fffbb65cad7cc7db6e,377.38,USD,failed,paypal,2024-12-30T04:17:54.108Z,2025-01-09T04:17:54.108Z,8a2124f8-b484-4e4a-8a22-f375666096fa,7a1e33c3-1196-42ee-977f-96f9a271c4ad,exercitation officia exercitation irure laboris cillum proident consequat
c4f85dbb-9d32-48ff-ab4a-c23c3d709a77,67d2c2ff713a11480034294f,1124.7,USD,failed,credit_card,2024-03-15T08:08:45.748Z,2024-03-24T08:08:45.748Z,3bf9ddaa-b94c-49b9-b4cd-138617ee5c4c,2ec698dc-933a-46fc-ab7d-008cb506a45a,est consectetur nisi veniam minim adipisicing nostrud laborum
3edc6ba9-5f60-4c02-b533-59c0956a55ef,67d2c2ffaee4f7a9c2354bee,87.58,USD,failed,bank_transfer,2024-04-29T15:46:21.496Z,2024-05-04T15:46:21.496Z,b2157f35-90f0-4be2-b17c-a7a457df559f,43b96898-eb6f-485b-b67b-8a20030cd9f8,ea in et anim minim adipisicing excepteur pariatur
14f87c7a-80bd-4fcd-989e-1b5c302645c4,67d2c2ff9ff8be8efe987d09,619.27,USD,completed,paypal,2024-04-17T10:14:35.812Z,2024-04-18T10:14:35.812Z,10492ed4-2dfb-48cf-bef2-a7a6b50c1187,e68e9fb7-ba2a-41dd-814a-147a89efd792,cupidatat sit labore sint veniam qui tempor nisi
01a33fb7-5cb8-4b34-940f-b2764051a8c4,67d2c2ffb51432a6ad899c76,84.13,USD,failed,paypal,2024-06-11T12:14:02.896Z,2024-06-17T12:14:02.896Z,d5ea19ff-9904-4611-a498-605e03a013b0,15987fa2-2994-4988-916d-83f0b238000f,cupidatat labore est mollit dolore exercitation sit irure
7c9401e3-c926-42ba-84fb-6f2822edb3e6,67d2c2ff673590d0aa6bf04d,418.28,USD,failed,paypal,2024-05-28T08:51:50.670Z,2024-05-31T08:51:50.670Z,9d99e127-d9a0-4d12-a387-af720c4c1135,eb553491-2e11-4bba-b90f-be9da2e81c5c,cupidatat cupidatat sint commodo dolore irure qui anim
73f93a8a-fb2d-4c30-b5b5-28fd698fe2b8,67d2c2ff3da45ce27dfdeebd,447.67,USD,failed,paypal,2024-10-07T06:26:37.315Z,2024-10-15T06:26:37.315Z,c71accb8-f986-4ac3-81b2-fdcf0096758e,42575fd7-ad9e-486b-9c6f-7cbb495e5ae5,minim incididunt id exercitation mollit nulla aute proident
3386055e-ffaa-46e6-a1ea-7bf974765fd8,67d2c2ff383cb0f23c60c3c9,232.15,USD,failed,bank_transfer,2024-05-13T10:13:56.211Z,2024-05-22T10:13:56.211Z,18d31065-413f-4e77-bb85-34340a875c32,3df5db6a-f317-4203-9402-125700453ee7,aute occaecat cupidatat deserunt do tempor et irure
286f2390-22b6-4a55-b056-a29c15fbbdf5,67d2c2ffc011e494100252af,78.1,USD,refunded,paypal,2024-11-27T09:11:14.763Z,2024-12-01T09:11:14.763Z,5859fba0-4881-4e5d-8dc5-7a1ae68be05c,e48aa4d4-e874-41e9-bd17-d306462de506,Lorem laborum do magna commodo ullamco irure elit
1bbdc746-bdd0-4a5b-b7d6-9d4ff8bb1528,67d2c2ff4cadd7d4c3a4a7f8,1168.17,USD,refunded,paypal,2024-04-24T11:50:11.993Z,2024-05-03T11:50:11.993Z,6f67f817-9c47-4b82-9750-7ada3da5c6fe,7abf0f98-2cc2-4b4d-88f1-5df7af6458ec,incididunt id fugiat commodo excepteur ea esse eu
5e11f485-502e-46b9-a650-ea51aa66a2c9,67d2c2ff5993a4618533fae6,450.06,USD,pending,paypal,2024-02-09T15:59:49.383Z,2024-02-18T15:59:49.383Z,922b8d16-bb1d-445b-a072-1537a8912421,febe8a90-1baa-41af-9aac-8dcce5939054,do commodo officia mollit nostrud eiusmod nostrud amet
1455486e-614a-4c2f-be73-9661f4fbdb6d,67d2c2ff6152bd2352f6f160,1142.44,USD,completed,bank_transfer,2024-11-10T13:51:47.322Z,2024-11-16T13:51:47.322Z,b726f099-1119-4ac5-8662-ea717e647cb8,3358c1de-36ed-447a-b2de-200471dd6a59,dolore et voluptate velit nisi anim ipsum laboris
d91e9ee6-e485-4cad-b0da-31091cc34c47,67d2c2ff5c9ddd347f9abd3a,594.42,USD,pending,credit_card,2024-09-09T05:58:22.195Z,2024-09-16T05:58:22.195Z,43c8382f-aeb5-4a01-8fea-4f403194f5c8,02d21cb8-4f7e-488c-8263-2e02b3a23664,nostrud dolor aliqua consectetur sit adipisicing in duis
bd4323d8-d052-4f59-96ab-c679a7222b13,67d2c2ff5e22af3ed36692d2,326.36,USD,pending,bank_transfer,2024-11-01T09:10:57.337Z,2024-11-09T09:10:57.337Z,ac91ce28-dd4b-4a00-8bbb-3dde44b30beb,e7592352-258d-460e-9f71-4598eaf77949,nulla do nostrud elit excepteur mollit amet pariatur
f045ec6a-87f1-4d56-b99c-385ebdc5bf1e,67d2c2ffb2222a9ea6f9ebd5,391.81,USD,pending,credit_card,2024-01-21T01:08:48.851Z,2024-01-29T01:08:48.851Z,b3ad9306-d38e-4ec1-a5a7-f37d7b38dbe6,4d9860d2-73dd-4073-81bb-9fc1eea4e54f,eu velit est commodo aliquip laboris cupidatat nulla
3ed7f2af-7a5b-47eb-9673-0b2147763922,67d2c2ff0efe6caec6131a7b,164.04,USD,refunded,credit_card,2024-08-24T02:29:18.764Z,2024-09-02T02:29:18.764Z,f576c0e1-f124-4e7c-bdb6-84460a422418,ca033308-85db-47b7-8f91-37382659530a,laborum ullamco laborum et commodo voluptate amet culpa
d661fb1f-5db9-4051-a159-a5eb43571ece,67d2c2ff7a05d74857a7c431,201.08,USD,refunded,bank_transfer,2024-01-18T11:00:42.870Z,2024-01-21T11:00:42.870Z,7a22881b-81bb-428f-817c-80311a3042e8,f2c604c8-d633-4953-82ae-5fae32cbf977,laborum ad sit consectetur enim deserunt magna esse
d273946f-ac2a-4dc6-8d27-a8ebd1179946,67d2c2ff420b55ffc3cc9dd8,161.32,USD,refunded,credit_card,2024-12-18T16:59:33.424Z,2024-12-26T16:59:33.424Z,254a3016-6aff-46d9-9b52-3d9e3207c29f,2e084ef3-bac2-4472-b3fb-110c2ec2b420,eu ex non quis nisi eiusmod aliqua deserunt
fc5b05ad-4f4c-4608-bded-dd3fbd9490bb,67d2c2ff4a68efd9f651600b,658.35,USD,pending,bank_transfer,2024-07-05T06:11:22.080Z,2024-07-11T06:11:22.080Z,64517662-fd19-45d6-971d-050426850c5d,82c5b148-275b-42f6-9a18-b93ff130919e,magna exercitation aute ipsum non veniam velit officia
412d8f28-27e3-47f3-9689-2a728f2b47f8,67d2c2ff26459b2bae4e9c6f,1002.02,USD,failed,credit_card,2024-08-04T08:38:46.054Z,2024-08-09T08:38:46.054Z,65e12be0-2c7d-4666-86aa-a7bf66cb6e74,ece83a23-5943-45ff-902b-8530dfcc4fa5,nisi mollit commodo dolore do in est do
a7a1a265-190d-40c6-bb80-e5f0a234a7c1,67d2c2ff50bc06daa142b6df,195.5,USD,pending,bank_transfer,2024-01-17T01:31:07.521Z,2024-01-23T01:31:07.521Z,861550c2-f0a6-450e-b6f0-7313c4e4fef9,7f8b6cde-62e5-45e3-a2fd-a3bc4c7c23f8,deserunt excepteur qui non consectetur enim pariatur aute
7f78ab29-2ba6-45a2-8d6b-a3c6c9d22a57,67d2c2ff6bbf809a27bff23d,673.56,USD,pending,credit_card,2024-09-03T00:53:28.713Z,2024-09-13T00:53:28.713Z,844f20a3-80f0-415c-ae5b-d36989d23e48,8101dbdc-28a5-49f3-8cd7-e4c4484cd939,qui enim qui ipsum laboris sint tempor do
899213cc-bcb7-48a4-82ad-305691ecdd8f,67d2c2ffa7076c02c43b4703,116.68,USD,completed,credit_card,2024-07-19T11:02:15.384Z,2024-07-20T11:02:15.384Z,8d9a7cf4-5cad-4f36-ac30-bc006a13866d,9d4c6eea-b643-4946-bf98-bdd51d170aa1,proident aute dolore duis sint commodo in cupidatat
0b35b26b-deeb-4a0b-83d2-dc91cef39ce0,67d2c2ffab31bf18d4865cb3,679.18,USD,pending,bank_transfer,2024-02-06T17:30:13.824Z,2024-02-11T17:30:13.824Z,20d00dc1-30aa-4eb6-a13b-e5907ed342fa,6353c0d3-7c00-4caf-99ad-d1d21450b7cb,non nulla anim aute aliquip nisi irure nostrud
38000a35-ba96-434d-91db-1800b741ec91,67d2c41ad787e6b465e1f35a,647.56,USD,failed,bank_transfer,2024-11-03T01:24:44.826Z,2024-11-10T01:24:44.826Z,e550b35b-1fe4-4f72-8363-1209dc5aca51,f43dfcf3-a074-4536-b7fb-ca857c021992,aliqua dolore aliqua consectetur aute minim veniam officia
97b6fdef-9c35-4c15-b62d-ad791985daf6,67d2c41a93bca8939f98e979,817.77,USD,refunded,bank_transfer,2024-10-04T17:31:45.828Z,2024-10-11T17:31:45.828Z,5c036f5c-01c3-4f21-b8ac-539cab81416a,51707390-6f5f-4dd3-bba6-232d3efd92ac,ea deserunt ut elit excepteur laboris velit sint
3318b28b-4e21-4755-8663-aa501dd8cf94,67d2c41a171e436ebd2f2e50,765.31,USD,failed,bank_transfer,2024-05-18T13:13:47.791Z,2024-05-23T13:13:47.791Z,ac76570e-47eb-4daa-8097-8c99237c3a85,62ef4b76-9aff-40f6-9a03-8c6e6e90998b,labore nisi esse eiusmod dolore non do voluptate
32d6988c-1b0c-48cf-b41f-7f3387dc0b3a,67d2c41adef8ff893e70cbf7,823.58,USD,refunded,paypal_balance,2024-01-30T05:19:04.768Z,2024-02-09T05:19:04.768Z,ed1d06b8-c3b7-40e7-8f37-7dc1f2e5e4a2,94fe3dc9-5974-4e06-86f1-781b8e7f258e,laboris consectetur non excepteur elit fugiat dolor deserunt
1e6f1795-464f-4d6b-822f-8ea07aad4ab8,67d2c41a8010fb2ab039c6c9,785.84,USD,pending,card,2024-04-02T12:55:47.394Z,2024-04-09T12:55:47.394Z,a772e17c-1ea3-4fc2-ad32-f378965f98c1,4ac4567a-ce54-43b6-a1ac-cc476e3f1d2b,Lorem do cillum tempor veniam elit voluptate irure
1acabf3f-9bec-4853-9faf-5b13d02b3710,67d2c41ae59907c94397ade0,868.35,USD,pending,paypal_balance,2024-08-04T14:06:45.553Z,2024-08-14T14:06:45.553Z,36cc34a9-b350-4aff-b96e-80d6d0030fe3,c54de482-a011-4af4-81fe-f4c6f56e3735,tempor tempor laborum reprehenderit do do esse deserunt
6873377f-0e02-4267-82d7-dd186b578d69,67d2c41afbaa1d7f763aff9a,1377.59,USD,completed,card,2024-09-01T15:40:52.838Z,2024-09-10T15:40:52.838Z,a78abdfb-122a-4abb-aee6-fa6a5956811e,88bf0ea2-ad4b-47a0-bfc1-45240ca33134,officia veniam voluptate ex aliqua nulla cupidatat eu
b2d5cdc9-5e10-47de-a8e1-ecfb18f372e7,67d2c41aec832c8789c28431,926.13,USD,succeeded,paypal_balance,2024-11-29T01:58:53.936Z,2024-12-01T01:58:53.936Z,d28ac3a4-96fc-48c2-9623-825cb8792f08,2cd9380a-6d5f-4cce-be08-db630fe2253f,qui ex proident culpa et anim quis labore
76aa10b2-e49f-4e8a-9499-b2a0dc313536,67d2c41a57a266066a9cf7a7,39.47,USD,refunded,card,2024-05-01T07:01:25.442Z,2024-05-10T07:01:25.442Z,1d250534-3cba-4765-a081-2e4847358dd1,25ce8fa5-18a9-449e-906f-30b056a9c3a9,nulla ullamco est nisi enim adipisicing excepteur ad
09f301cd-bf18-4f58-aacf-ea456b9b562c,67d2c41a7ec669addad4aa73,602.07,USD,disputed,paypal_balance,2024-03-14T13:23:23.233Z,2024-03-23T13:23:23.233Z,1b0040fc-a1f1-4b84-b50f-de238b850fdb,f6033ee0-52a3-4a6b-a8d2-ffcca6df053f,laborum minim cupidatat mollit Lorem nisi fugiat Lorem
d4f0f391-35ac-4021-b139-dc6ea31a2f82,67d2c41af193131c60e5636d,838.09,USD,pending,card,2024-04-02T16:55:26.426Z,2024-04-12T16:55:26.426Z,a734e4f6-d7cc-4c15-993e-6cb227361104,72011414-19c1-4395-889f-5f02b633cca9,dolor proident nostrud quis veniam nostrud ex nostrud
14e63b82-e4a6-46a6-90da-c8725faa74cb,67d2c41afabf82be4e9ad50c,435.27,USD,pending,bank_transfer,2024-05-12T19:00:32.528Z,2024-05-19T19:00:32.528Z,e3656279-e01e-4e03-b9dc-360c08bb01ea,71696c1f-8a76-4a17-9641-d68073c89b72,ullamco veniam labore cupidatat cupidatat eu sit ut
c929d4a2-5134-4f3d-b8cc-4f36f5ff5582,67d2c41a8e7dc89b27d97f04,520.32,USD,succeeded,bank_transfer,2024-12-12T19:14:46.672Z,2024-12-22T19:14:46.672Z,1761cccb-77a8-4e4a-8f7d-760c6e197423,6effda96-d229-475d-9af9-a17e172b82b3,dolor deserunt qui nostrud aliqua cupidatat cillum cupidatat
e1520e0d-cc66-421e-a07d-d3ebcae2dc00,67d2c41ae529bab75996947b,364.4,USD,refunded,bank_transfer,2024-07-25T04:44:01.241Z,2024-08-02T04:44:01.241Z,ed3b024f-a85d-488e-a3ef-2c8f4a9cc42c,c063eaa3-2034-4d97-b29c-d000c7a77d04,adipisicing adipisicing adipisicing reprehenderit enim nostrud officia aliqua
f4401f7a-ada2-46c5-8618-850f1b84d567,67d2c41a54d9e170c63f652c,340.13,USD,refunded,bank_transfer,2024-02-16T03:49:29.654Z,2024-02-19T03:49:29.654Z,9717033e-920d-4525-8fce-e2d28fcf5d1d,bc8ab35e-314b-428c-8498-e6d6aade19db,minim sunt pariatur dolore amet consequat veniam proident
2cd5e409-6d24-40b6-8f3d-a68133360497,67d2c41a1f7e50ac6f713e8c,571.04,USD,completed,bank_transfer,2024-10-14T12:25:15.003Z,2024-10-21T12:25:15.003Z,23afb749-d41c-4186-a043-2d84b0ca23d0,7824dab3-553a-4954-b6ed-efa499aa040f,magna ut culpa qui quis cillum laboris eiusmod
17706843-62c8-44c9-b9da-15ac9e30ba19,67d2c41aff9ffe6e50d96800,651.8,USD,pending,card,2024-05-16T11:28:19.569Z,2024-05-24T11:28:19.569Z,a544b1c4-aab8-4c63-8838-43079d1463d0,41aea0c3-d898-44d1-9d88-12471b142a4b,laborum reprehenderit pariatur sit non esse ipsum ad
87a59c14-eebe-4a55-998e-5e3e2c5ee587,67d2c41a3d2bf6de29cff832,580.48,USD,failed,card,2024-09-11T12:00:19.941Z,2024-09-12T12:00:19.941Z,f13d8dda-75be-461a-a42e-5101875a59d3,1f4a946b-d3c1-450e-96f3-bec04ae48908,ipsum magna qui laboris aliqua laborum adipisicing pariatur
a6ac672c-1c90-423f-912d-6ee614c6c637,67d2c41aad7dbbf07b06b78a,678.13,USD,pending,card,2024-02-06T15:55:14.424Z,2024-02-07T15:55:14.424Z,8938141a-3749-4562-a314-d7e47b72838a,9c49effe-0c9d-491c-bce6-813d49b59f3e,enim eu Lorem qui duis cupidatat nulla fugiat
d7e6b6df-7fa9-4ad3-a9db-0b36c0621bd5,67d2c41ac3d019d3f4832748,1001.47,USD,disputed,paypal_balance,2024-05-25T10:54:01.749Z,2024-05-26T10:54:01.749Z,6f57729b-9afe-41c0-b31c-52456e1f71bb,a1bf5d78-45fd-4353-86ec-c104b09de5cf,elit ad mollit amet officia culpa amet pariatur
7e494aab-9106-4dde-b8c1-a5b59d487620,67d2c41a7b773d2aaf7d366c,192.13,USD,refunded,card,2024-09-21T13:50:07.261Z,2024-09-24T13:50:07.261Z,21697ba0-4756-4980-9087-e1b347a3388c,026bafa4-6eb8-4398-a5a9-e8b1e6e32403,tempor officia aliqua qui aliquip ullamco occaecat excepteur
60fd2600-cb1c-41b1-ab9d-6dc3be4972dd,67d2c41a278f4b76bc8be0de,1254.61,USD,pending,bank_transfer,2024-11-23T00:12:00.729Z,2024-11-26T00:12:00.729Z,8fca22aa-69f1-4476-9e71-d41661d8c284,0d70bc54-b77a-4c14-bcc1-fa1dbb27aa08,et exercitation aliqua aliqua ex amet adipisicing velit
14a27737-c599-4e2b-80d5-5d0d851b94c1,67d2c41a9eacf693bad6584f,297.62,USD,pending,card,2024-05-15T03:45:24.485Z,2024-05-19T03:45:24.485Z,68405015-75c6-4bb9-b33f-8204e7a4a2f1,e0e5859c-b424-4996-adca-1f7a18ce75b0,nisi sit cupidatat in irure ipsum sint do
4622d057-b138-436f-af98-5b2ad05c3e63,67d2c41ac367ab2b00b68141,395.72,USD,pending,card,2024-11-25T03:45:48.814Z,2024-12-05T03:45:48.814Z,959c2dbf-eb8a-450d-9e74-b357dea6b52d,a1c95744-f945-4485-a712-63968df1ee39,ullamco adipisicing labore officia excepteur ipsum qui ullamco
3ae11aff-b60d-471e-b963-49eab205d352,67d2c41adf128110b811d3b4,85.65,USD,disputed,paypal_balance,2024-05-16T22:36:55.565Z,2024-05-18T22:36:55.565Z,b1f2ccdc-6560-471a-8e3e-a12a48570b1f,618a19ed-b244-4727-ae14-e57f2a7ede51,nostrud elit laborum ipsum nostrud do esse sit
155c3644-4738-4854-b9cd-e84def71fe81,67d2c41afb45238182a32823,625.93,USD,pending,paypal_balance,2024-11-05T15:00:05.468Z,2024-11-15T15:00:05.468Z,92867b5f-6051-42a2-bd8e-1274e2ede058,e391284b-aad3-4b96-9949-a520478117c7,pariatur consectetur eiusmod duis voluptate occaecat ea nulla
4fdeb47b-6cc2-4475-8bf7-6d947e8a3d57,67d2c41ace0410996794c436,499.69,USD,pending,bank_transfer,2024-02-25T16:22:45.738Z,2024-03-02T16:22:45.738Z,37238bdb-0f7e-475e-85ed-7145b984d8d0,f99acf1a-1182-4800-bdb5-b483dbd224ca,laborum exercitation consequat sunt nostrud deserunt et aute
dd8c0fb8-63e7-4231-bbf4-cccc1b3a6ad0,67d2c41a93237a4af64814b3,28.11,USD,pending,card,2024-10-25T08:12:30.024Z,2024-11-04T08:12:30.024Z,f34fa4a1-373f-47eb-85d8-4f5890adb7e3,856c1ccf-b56e-4bc3-b989-e00ff442c257,occaecat aute fugiat ut consequat amet pariatur ut
3afaece0-576b-4f0f-a719-0f3bda85c726,67d2c41a3861e7972f40b40c,72.53,USD,refunded,card,2024-05-23T06:19:53.060Z,2024-05-30T06:19:53.060Z,6d534a96-8e60-403d-808c-e55974073b7c,119f8ef8-4c58-46f3-968d-bc60b3d30d1e,occaecat cillum amet enim incididunt exercitation magna do
ebdb9b36-0b00-4610-b642-b49dbf99c3fd,67d2c41a41e9039d22d42363,581.78,USD,refunded,paypal_balance,2024-07-03T08:55:39.364Z,2024-07-04T08:55:39.364Z,f65e367b-ce9d-410d-9ba2-11b68a3722ef,62430d1c-5aad-44c9-ba36-c5ed10643fc6,amet adipisicing qui id ipsum et anim dolore
b1896e53-be57-4297-958b-0c21ced52fc1,67d2c41a8cb280fda630d2b2,191.23,USD,failed,card,2024-12-06T13:29:30.303Z,2024-12-15T13:29:30.303Z,c6652b6a-99e6-4f56-8892-5a8eb5c745f3,c7a3e84e-a7ef-425e-bfdd-0b0be87f3c3e,cupidatat proident velit dolore eu nostrud reprehenderit proident
3104da84-2b76-468c-baba-8b8280558c3e,67d2c41acea85e9c04dc99d6,577.22,USD,pending,bank_transfer,2024-04-02T16:14:00.461Z,2024-04-09T16:14:00.461Z,88d1db5b-6bab-4803-b8b4-f8cbb455da4a,ff280ed3-506f-442a-8249-adbddd4815a0,laboris Lorem ullamco voluptate nisi culpa do excepteur
1fc4ea5d-e9aa-403c-8609-59919fdcb127,67d2c41a331061666ff1ea79,104.89,USD,succeeded,paypal_balance,2024-01-08T04:53:49.180Z,2024-01-18T04:53:49.180Z,c4fdb7ea-7080-4d9c-afbb-a926dcf6609c,894c90e9-4f42-4556-8d20-aa94e23189f6,elit incididunt cillum adipisicing eiusmod incididunt laborum duis
d013dd63-415d-46f3-b06e-491416cd5d59,67d2c41ad8fdb279bf49b86c,830.77,USD,refunded,paypal_balance,2024-09-17T04:27:21.008Z,2024-09-18T04:27:21.008Z,0db71838-c8d7-47c3-a7ff-054bc7ecfccd,1e55a57d-a378-47a6-aa2b-58ad82d2f2ae,nostrud minim dolor sint tempor consequat aliqua tempor
a135faf1-b2be-422b-8c86-ae0e0834b9ed,67d2c41ae36be191c7c6bcf4,842.21,USD,pending,bank_transfer,2024-07-26T23:49:36.420Z,2024-08-03T23:49:36.420Z,32ce33c8-5d14-47d9-90f5-2edbd4fa23ec,6fc7366c-bf9c-4024-80ca-da267876da4b,ex excepteur eiusmod Lorem consequat consectetur veniam officia
fdc2cefb-56eb-4cc9-adfb-39469911a251,67d2c41a32c46418b0626717,403.24,USD,pending,bank_transfer,2024-11-02T11:51:19.344Z,2024-11-04T11:51:19.344Z,419f7cbf-6462-4cc8-9790-37bccc57a649,2f444f83-3232-4f56-846d-afcd20c3e563,minim deserunt commodo nulla consectetur cillum est nulla
12f6584b-448a-4bbb-8a87-788e47f6c328,67d2c41a93e74b23043dd8aa,51.82,USD,refunded,card,2024-04-06T12:20:36.054Z,2024-04-10T12:20:36.054Z,4cee15d8-44d5-4f17-af0d-751c43e409a1,86278f68-8cd0-4e95-99df-0d810e593bbe,ut enim nostrud consectetur ipsum excepteur sunt amet
a0c1a548-bfe2-40e3-a1ac-f76023f1412a,67d2c41a90510b289ef6a452,33.46,USD,succeeded,paypal_balance,2024-10-24T11:35:04.962Z,2024-10-31T11:35:04.962Z,1a020b13-c75a-451e-9f29-c9130ddf58b5,20f544bc-8f7b-4736-9426-c2f1ffc015ba,commodo ea ipsum enim esse adipisicing id laboris
1302cdc5-b6f1-4fc8-929e-b4968c3fd6fc,67d2c41aedd418e7b18e5f55,501.76,USD,succeeded,bank_transfer,2024-01-18T12:00:58.948Z,2024-01-22T12:00:58.948Z,0c1cdc37-8f7a-4b39-ac8c-87b8485c8fdd,6f6df982-e3c4-47e4-9d1d-85556b4f2c1a,qui anim elit irure sint occaecat duis proident
dcaea152-46ec-4873-a8ad-c15ebd059b5a,67d2c41acece3599816e8ae8,34.83,USD,pending,card,2024-09-26T04:30:36.526Z,2024-09-29T04:30:36.526Z,6f15cda6-3929-42fe-b328-00ee8655a8a0,d4cdea3e-d10b-4786-be1f-b6becb85115b,voluptate nisi eiusmod nisi irure consectetur elit nulla
81d8942d-36ee-4661-9eaf-c50da1cb01c4,67d2c41a19728a7d1cf3653f,578.74,USD,failed,bank_transfer,2024-09-10T15:50:26.084Z,2024-09-16T15:50:26.084Z,683cc415-e0e9-4d5c-820d-ddcb1e4f3e8d,8afc2076-010a-4952-ac00-9860db24bd88,dolor est do voluptate pariatur mollit esse nostrud
e5f5a6a0-4a71-4411-810d-445911302245,67d2c41a82ac85c2781bf6ce,621.47,USD,failed,bank_transfer,2024-02-17T14:49:43.980Z,2024-02-26T14:49:43.980Z,1452a20e-e05e-4333-be2d-8cb9623f47b3,1607eb98-42c0-4fda-b96f-1e9e5321e83c,ea sit culpa nostrud nostrud magna commodo sint
7428714a-5e6d-4cfc-808f-0d51d8236e13,67d2c41a6ec032c0db76cc1d,1265.58,USD,refunded,bank_transfer,2024-06-03T07:56:02.398Z,2024-06-13T07:56:02.398Z,aee842aa-d458-426f-904f-3caf256dff18,ba03ad44-1c4b-4422-86f7-ffcc99333d64,aliquip minim sint ad nulla occaecat proident aliquip
5b7ddc4d-549f-4d44-b7d2-ee44090286f1,67d2c41af94d7b905320d6be,168.76,USD,disputed,card,2024-01-29T08:02:53.328Z,2024-02-06T08:02:53.328Z,59e52657-cc8e-4de4-93d1-5ca0c625083f,39b69e72-8eb8-424b-8cea-41c90d035a63,enim voluptate est aute mollit tempor Lorem excepteur
cb879714-1f8a-415d-9dd0-c7cf3f0627fb,67d2c41a8126324d05672039,96.47,USD,failed,card,2024-11-23T19:22:18.136Z,2024-11-26T19:22:18.136Z,3b42ef2e-4ef2-4475-a68a-cc929f4991a5,5b3ab47a-e30e-4e6d-9623-4f270a048891,non laboris ut fugiat consectetur laborum Lorem velit
e558ca3e-43da-4cdf-b5c0-1252c2f24e1e,67d2c41ab4011ade3d225126,599.7,USD,failed,paypal_balance,2024-07-01T19:43:18.899Z,2024-07-02T19:43:18.899Z,4fbf728b-0d9e-4750-8977-d54d9f9d71bd,a57bd774-1fcd-44d8-8565-7e2491077646,dolore excepteur commodo ut velit deserunt nulla mollit
e49e9af8-6752-47f9-863c-41b0855f5d11,67d2c41a0b7509d160e0aa1b,434.05,USD,pending,card,2024-07-18T00:33:02.219Z,2024-07-25T00:33:02.219Z,91521078-ccdc-4a22-bef0-5ba45bf65668,eb1323cb-224b-42ae-98e0-6dcdf4814805,reprehenderit non eiusmod occaecat tempor mollit veniam incididunt
58511bef-b9d4-43ce-8127-a565ce5a99d5,67d2c41abac7606299eac665,605.95,USD,refunded,bank_transfer,2024-01-11T19:03:08.637Z,2024-01-15T19:03:08.637Z,88f1abe5-61a1-471c-876a-932d603d3ab9,22c64f07-004e-4221-9560-59fc14b84c3d,cillum ea dolore nostrud pariatur velit do fugiat
b96af3e7-aa62-46fe-8221-4802e076cc4c,67d2c41ad0060ec731c586fe,42.29,USD,refunded,card,2024-08-01T04:13:10.198Z,2024-08-09T04:13:10.198Z,8b9efded-4438-4c04-9772-df7f389a3bfa,8637c2b0-e48f-42e0-8ae3-c3c8fd8d3746,enim non qui sunt id Lorem commodo officia
3bb4f4f1-824c-4ab3-a711-f2524e22fe92,67d2c41a3d88588beb2f14b8,476.38,USD,failed,card,2024-07-17T00:50:28.579Z,2024-07-23T00:50:28.579Z,3c58862a-7a6c-4497-8217-7b0c6cf07803,eb55a01a-5407-47d0-894b-e135c8140cd2,qui ipsum reprehenderit sint sunt aute ea sit
01471efd-dd6c-43d3-a444-6084858a2d33,67d2c41ae3b511ed8d1c4e5b,246.92,USD,succeeded,paypal_balance,2024-04-25T07:16:47.548Z,2024-05-01T07:16:47.548Z,49dcaa6a-c4c8-41bd-8c4e-3a1138310838,61110edb-2bc9-4356-a345-8e50256bd603,consectetur esse voluptate ut cupidatat do cillum adipisicing
b0dd7619-6f8d-4a0b-88b1-bee86fb193f6,67d2c41a536d2bf8f91c388b,239.53,USD,disputed,bank_transfer,2024-11-16T03:09:39.742Z,2024-11-21T03:09:39.742Z,ebf878b3-b93d-47a8-a44a-f11f1e961ecd,27155e9c-01c4-4151-a7cd-cbf9cfa153df,sunt dolor consequat anim veniam magna Lorem enim
d7383c50-1c1e-48c4-8270-3c83de337492,67d2c41a60b7c5c143cb778f,992.59,USD,completed,bank_transfer,2024-01-05T12:55:41.682Z,2024-01-11T12:55:41.682Z,096678e7-bb69-4ba1-97d6-e7752a661b5f,15e3748f-9392-4aad-9c5e-c81ea0890c56,aute ad Lorem est mollit reprehenderit nostrud proident
9a885995-66de-4074-ae34-b3c017407264,67d2c41a6ab538787cb6fb8e,550.52,USD,pending,card,2024-12-24T01:25:09.200Z,2025-01-01T01:25:09.200Z,df834000-780a-4944-a374-b952f628b4cd,8cb08cfe-8e05-4013-a49d-4d3c9d39285f,laborum aliquip et sint velit incididunt eu et
19991d1f-ddd7-4df0-a021-815257afefb9,67d2c41a9b29ade42f573419,141.57,USD,refunded,bank_transfer,2024-09-25T13:56:32.046Z,2024-10-05T13:56:32.046Z,5f4a87a5-d1ab-462f-b947-20b91689ca35,5238cf32-f35d-4245-9898-301a898c70ee,est Lorem velit aute ea consequat minim occaecat
21711eca-0695-4673-ab6b-7ede3ca04f61,67d2c41a3867ae1a2ed29a31,888.46,USD,failed,paypal_balance,2024-05-08T14:00:06.529Z,2024-05-16T14:00:06.529Z,bb196604-9211-4e10-8cb3-5e11626dc669,fde77e36-6961-43e7-b08b-3d040cd93907,esse magna et culpa magna eiusmod culpa ea
230103ea-f3fa-4245-8e00-42ddedace060,67d2c41a88466841d080828a,601.59,USD,pending,bank_transfer,2024-02-04T07:22:38.907Z,2024-02-13T07:22:38.907Z,7850f1a7-bc48-4da8-a29d-5c644000642d,760c588f-a347-46a1-8cc4-eeb8a890f3b6,nostrud laboris amet laborum eu excepteur ullamco dolore
d7ce4ec6-13c7-4740-9bd0-e626c1addd92,67d2c41a0236c6cf9248e1ca,134.33,USD,failed,bank_transfer,2024-05-18T14:13:58.763Z,2024-05-27T14:13:58.763Z,83f519ef-fc42-4c78-b021-1819c3c1b65c,9ca492a1-4c51-4192-9be0-2f8821c32fa1,ullamco do proident dolore aute excepteur labore aute
d2522ae1-fcd0-4e7f-8d84-0a01e1d78634,67d2c41a5de52cc14491303b,558.04,USD,failed,paypal_balance,2024-03-10T03:26:50.485Z,2024-03-20T03:26:50.485Z,e0c37bde-3f53-4396-965f-d4d50d3563d6,e2db8952-1028-4389-9aa5-1262120aefb8,cillum aliquip mollit id proident dolor ut voluptate
973db11f-f3b7-4d36-a3b0-9d4653a653d2,67d2c41a704f7cb73f316edf,528.19,USD,failed,bank_transfer,2024-07-07T13:46:24.255Z,2024-07-16T13:46:24.255Z,1a93b627-c265-4689-b0bf-199d6b8f2e24,7f4677a5-ecbb-46b1-b6aa-ca520ffbbbd6,commodo aliquip qui ut irure in in reprehenderit
18c57059-1c82-4b76-923c-e34c9930f909,67d2c41a13f0d4670892808d,892.45,USD,succeeded,card,2024-02-02T04:34:13.973Z,2024-02-10T04:34:13.973Z,f2010082-8845-4217-a427-f6fa67a370e1,09defe20-bde3-4757-8ec6-00c9a3abdaa8,consectetur dolor qui ea sit incididunt nisi id
5cace88d-112c-4699-a729-8237cd0df6cf,67d2c41ab97efddf2ae604cb,595.88,USD,failed,card,2024-03-10T09:28:09.745Z,2024-03-15T09:28:09.745Z,769ba6ce-9e3d-444e-898c-8e888839080a,256e2e0c-acd7-4d43-b775-2e614a09c21e,sit velit dolor ipsum esse deserunt duis consectetur
b285bee0-809c-4e9f-bf1e-bd2d69cba0e9,67d2c41af1d117b7a1c0d2ef,505.31,USD,refunded,card,2024-11-09T04:29:48.685Z,2024-11-17T04:29:48.685Z,12d1619f-6520-4e12-bb0b-9908d51d2c8f,bac1406b-fe99-4352-8e03-eb1b0d588ecd,deserunt incididunt proident exercitation occaecat ipsum eu quis
